country,name,rank,student_rat,student_staff_rat,student_tot
United Kingdom,University of Oxford,1,0.38,11.2,"20,409"
United Kingdom,University of Cambridge,2,0.35,10.9,"18,389"
United States,California Institute of Technology,3,0.27,6.5,"2,209"
United States,Stanford University,3,0.22,7.5,"15,845"
United States,Massachusetts Institute of Technology,5,0.34,8.7,"11,177"
United States,Harvard University,6,0.26,8.9,"20,326"
United States,Princeton University,7,0.24,8.3,"7,955"
United Kingdom,Imperial College London,8,0.55,11.4,"15,857"
United States,University of Chicago,9,0.25,6.2,"13,525"
Switzerland,ETH Zurich – Swiss Federal Institute of Technology Zurich,10,0.38,14.6,"19,233"
United States,University of Pennsylvania,10,0.2,6.5,"20,361"
United States,Yale University,12,0.21,4.3,"12,155"
United States,Johns Hopkins University,13,0.24,4.3,"15,498"
United States,Columbia University,14,0.32,6.1,"26,587"
United States,"University of California, Los Angeles",15,0.17,9.6,"39,279"
United Kingdom,University College London,16,0.49,10.5,"30,304"
United States,Duke University,17,0.22,4.5,"15,256"
United States,"University of California, Berkeley",18,0.17,13.1,"36,182"
United States,Cornell University,19,0.24,9.8,"21,850"
United States,Northwestern University,20,0.18,12.8,"17,466"
United States,University of Michigan,21,0.16,8.6,"41,818"
Singapore,National University of Singapore,22,0.3,17.0,"30,602"
Canada,University of Toronto,22,0.17,18.7,"69,427"
United States,Carnegie Mellon University,24,0.45,13.5,"12,676"
United Kingdom,London School of Economics and Political Science,25,0.71,12.2,"10,065"
United States,University of Washington,25,0.16,11.4,"44,945"
United Kingdom,University of Edinburgh,27,0.4,12.5,"26,759"
United States,New York University,27,0.26,9.6,"43,860"
China,Peking University,27,0.16,8.9,"42,136"
China,Tsinghua University,30,0.09,13.7,"42,089"
United States,"University of California, San Diego",31,0.17,12.8,"29,633"
Australia,University of Melbourne,32,0.4,26.6,"42,116"
United States,Georgia Institute of Technology,33,0.27,20.7,"20,773"
Canada,University of British Columbia,34,0.29,18.1,"51,889"
Germany,LMU Munich,34,0.15,15.6,"36,091"
United Kingdom,King’s College London,36,0.41,12.0,"23,207"
United States,University of Illinois at Urbana-Champaign,37,0.23,22.8,"43,402"
Switzerland,École Polytechnique Fédérale de Lausanne,38,0.55,11.2,"9,928"
Sweden,Karolinska Institute,38,0.19,10.9,"7,424"
Hong Kong,University of Hong Kong,40,0.42,18.0,"18,364"
Germany,Technical University of Munich,41,0.23,54.4,"38,689"
Canada,McGill University,42,0.26,13.3,"30,940"
United States,University of Wisconsin-Madison,43,0.12,10.7,"38,960"
Hong Kong,Hong Kong University of Science and Technology,44,0.31,23.1,"10,214"
Germany,Heidelberg University,45,0.17,23.2,"28,876"
Japan,University of Tokyo,46,0.1,6.7,"26,000"
Belgium,KU Leuven,47,0.15,37.1,"44,412"
Australia,Australian National University,48,0.35,19.3,"15,986"
United States,University of Texas at Austin,49,0.1,17.1,"48,561"
United States,Brown University,50,0.2,10.7,"8,898"
United States,Washington University in St Louis,50,0.17,7.5,"12,600"
Singapore,"Nanyang Technological University, Singapore",52,0.31,16.3,"25,499"
United States,"University of California, Santa Barbara",53,0.14,28.1,"23,054"
United States,"University of California, Davis",54,0.1,13.8,"37,365"
United Kingdom,University of Manchester,54,0.38,14.6,"35,318"
United States,University of Minnesota,56,0.11,17.4,"60,949"
United States,University of North Carolina at Chapel Hill,56,0.08,9.7,"34,684"
Hong Kong,Chinese University of Hong Kong,58,0.31,17.3,"18,072"
Netherlands,University of Amsterdam,59,0.12,12.3,"23,495"
United States,Purdue University,60,0.23,17.4,"38,770"
Australia,University of Sydney,61,0.32,21.6,"44,553"
Germany,Humboldt University of Berlin,62,0.17,56.5,"32,172"
Netherlands,Delft University of Technology,63,0.27,19.6,"17,057"
Netherlands,Wageningen University & Research,64,0.29,19.7,"12,326"
Australia,University of Queensland,65,0.26,35.7,"38,968"
United States,University of Southern California,66,0.23,12.8,"38,380"
Netherlands,Leiden University,67,0.12,18.2,"24,825"
Netherlands,Utrecht University,68,0.07,15.2,"31,522"
United States,"University of Maryland, College Park",69,0.1,16.5,"31,772"
United States,Boston University,70,0.25,8.6,"24,833"
United States,Ohio State University,70,0.13,12.7,"53,190"
Netherlands,Erasmus University Rotterdam,72,0.2,20.1,"22,047"
France,Paris Sciences et Lettres – PSL Research University Paris,72,0.25,10.1,"19,978"
Japan,Kyoto University,74,0.08,8.7,"22,481"
South Korea,Seoul National University,74,0.11,12.6,"26,470"
United Kingdom,University of Bristol,76,0.27,13.7,"19,995"
United States,Pennsylvania State University,77,0.14,15.2,"45,411"
Canada,McMaster University,78,0.15,24.7,"23,693"
Germany,RWTH Aachen University,79,0.18,57.7,"43,721"
United Kingdom,University of Glasgow,80,0.36,15.4,"23,389"
Australia,Monash University,80,0.28,33.7,"46,846"
Germany,University of Freiburg,82,0.19,40.3,"20,871"
Netherlands,University of Groningen,83,0.17,24.1,"26,197"
United States,Michigan State University,83,0.17,17.0,"44,556"
Australia,University of New South Wales,85,0.34,26.7,"40,133"
United States,Rice University,86,0.28,9.0,"6,441"
Sweden,Uppsala University,86,0.11,17.3,"25,174"
Germany,Free University of Berlin,88,0.21,57.0,"34,114"
United States,Dartmouth College,89,0.15,6.6,"6,100"
Finland,University of Helsinki,90,0.06,16.2,"22,532"
United Kingdom,University of Warwick,91,0.39,13.0,"18,424"
Germany,Technical University of Berlin,92,0.2,64.3,"22,390"
Sweden,Lund University,93,0.16,12.1,"28,663"
Germany,University of Tübingen,94,0.13,38.5,"27,844"
Switzerland,University of Basel,95,0.27,17.7,"12,729"
South Korea,Korea Advanced Institute of Science and Technology (KAIST),95,0.09,10.6,"9,464"
United Kingdom,Durham University,97,0.29,14.9,"16,310"
United States,Emory University,98,0.19,4.4,"12,649"
United States,"University of California, Irvine",99,0.21,17.0,"30,419"
Germany,University of Bonn,100,0.13,77.9,"35,619"
United States,University of Colorado Boulder,100,0.1,16.3,"30,780"
United States,University of Pittsburgh,100,0.1,5.9,"26,367"
Netherlands,Maastricht University,103,0.5,18.0,"16,727"
United Kingdom,University of Sheffield,104,0.36,14.9,"24,581"
Switzerland,University of Bern,105,0.15,16.5,"10,449"
United States,Vanderbilt University,105,0.13,3.3,"12,011"
Belgium,Ghent University,107,0.1,35.9,"35,909"
Canada,University of Montreal,108,0.22,21.9,"41,017"
Denmark,Aarhus University,109,0.12,14.3,"25,167"
Denmark,University of Copenhagen,109,0.14,4.1,"30,395"
South Korea,Sungkyunkwan University (SKKU),111,0.12,19.6,"24,055"
Australia,University of Western Australia,111,0.25,21.8,"18,787"
Germany,University of Göttingen,113,0.12,27.9,"28,554"
United States,University of Virginia,113,0.12,9.7,"24,055"
France,École Polytechnique,115,0.36,5.1,"2,799"
China,Fudan University,116,0.1,12.1,"32,859"
United States,Indiana University,117,0.15,14.1,"66,835"
Ireland,Trinity College Dublin,117,0.27,22.8,"16,157"
Canada,University of Alberta,119,0.26,21.6,"32,435"
Hong Kong,City University of Hong Kong,119,0.35,11.2,"9,240"
United Kingdom,Queen Mary University of London,121,0.45,13.3,"15,405"
Netherlands,Radboud University Nijmegen,122,0.12,19.1,"19,358"
United States,Georgetown University,123,0.17,8.6,"15,956"
France,Pierre and Marie Curie University,123,0.2,12.3,"25,117"
Germany,University of Mannheim,125,0.16,74.5,"10,995"
United States,Arizona State University,126,0.19,20.1,"44,475"
Germany,Charité - Universitätsmedizin Berlin,126,0.18,16.2,"6,792"
United Kingdom,University of Southampton,126,0.33,12.5,"21,670"
Belgium,Université Catholique de Louvain,129,0.19,37.8,"24,451"
United Kingdom,University of Exeter,130,0.28,17.5,"19,159"
Switzerland,University of Geneva,130,0.4,15.1,"16,085"
China,University of Science and Technology of China,132,0.03,8.2,"16,032"
Germany,Karlsruhe Institute of Technology,133,0.18,26.3,"25,824"
Australia,University of Adelaide,134,0.26,34.3,"21,241"
Sweden,Stockholm University,134,0.08,24.9,"33,156"
Switzerland,University of Zurich,136,0.2,5.9,"26,363"
South Korea,Pohang University of Science and Technology,137,0.04,10.4,"3,046"
United Kingdom,University of York,137,0.27,15.1,"14,962"
United Kingdom,University of Leeds,139,0.26,14.7,"27,995"
Spain,Pompeu Fabra University,140,0.12,20.8,"11,172"
United Kingdom,University of Birmingham,141,0.27,15.0,"27,061"
Netherlands,Eindhoven University of Technology,141,0.17,18.6,"7,637"
United States,University of Florida,143,0.09,17.5,"46,346"
United Kingdom,University of St Andrews,143,0.48,13.0,"9,005"
Germany,University of Cologne,145,0.1,50.9,"45,087"
Norway,University of Oslo,146,0.19,18.6,"27,730"
Spain,Autonomous University of Barcelona,147,0.16,12.9,"32,309"
United Kingdom,University of Nottingham,147,0.3,14.0,"29,176"
United Kingdom,University of Sussex,147,0.38,15.4,"12,384"
United Kingdom,Lancaster University,150,0.38,13.1,"11,637"
United States,University of Notre Dame,150,0.11,13.4,"11,912"
Switzerland,University of Lausanne,152,0.25,13.6,"13,065"
Denmark,Technical University of Denmark,153,0.24,6.0,"8,548"
United States,University of Rochester,153,0.29,4.3,"9,636"
Italy,Scuola Superiore Sant’Anna,155,0.14,11.7,690
Germany,TU Dresden,155,0.13,35.9,"34,514"
Germany,Ulm University,155,0.13,28.4,"10,657"
United States,Case Western Reserve University,158,0.19,7.1,"10,130"
United Kingdom,University of Leicester,159,0.38,14.1,"14,635"
United States,Texas A&M University,159,0.09,23.6,"56,245"
United States,University of Arizona,161,0.09,13.0,"38,334"
United States,"University of California, Santa Cruz",162,0.04,23.0,"17,866"
United Kingdom,Cardiff University,162,0.26,13.5,"24,186"
Germany,University of Erlangen-Nuremberg,162,0.12,58.5,"38,730"
Austria,University of Vienna,165,0.26,20.8,"35,375"
Netherlands,Vrije Universiteit Amsterdam,165,0.07,18.1,"24,554"
Germany,University of Würzburg,165,0.09,33.9,"22,537"
United States,University of Alabama at Birmingham,168,0.06,15.2,"15,703"
China,Nanjing University,169,0.1,14.2,"33,456"
United States,Tufts University,169,0.16,9.3,"10,463"
South Africa,University of Cape Town,171,0.18,11.7,"20,775"
United States,"Rutgers, the State University of New Jersey",172,0.1,11.1,"43,439"
Sweden,KTH Royal Institute of Technology,173,0.17,16.0,"12,951"
Germany,University of Münster,173,0.07,42.6,"42,287"
Belgium,Université Libre de Bruxelles,175,0.35,43.4,"25,343"
United Kingdom,Newcastle University,175,0.3,15.6,"20,952"
United Kingdom,University of Liverpool,177,0.35,11.7,"19,815"
China,Zhejiang University,177,0.06,14.1,"50,051"
Luxembourg,University of Luxembourg,179,0.57,14.6,"4,969"
Netherlands,University of Twente,179,0.27,12.8,"6,697"
France,Paris-Sud University,181,0.16,14.5,"27,221"
France,École Normale Supérieure de Lyon,182,0.13,8.5,"2,221"
Hong Kong,Hong Kong Polytechnic University,182,0.25,26.9,"21,773"
Italy,Scuola Normale Superiore di Pisa,184,0.07,5.2,515
United Kingdom,University of Aberdeen,185,0.36,13.9,"12,055"
United States,University of Miami,186,0.16,5.9,"15,860"
United Kingdom,University of Dundee,187,0.24,14.9,"10,893"
United Kingdom,University of East Anglia,188,0.3,13.6,"13,521"
China,Shanghai Jiao Tong University,188,0.06,12.4,"37,288"
Finland,Aalto University,190,0.2,20.2,"12,744"
United States,University of Massachusetts,191,0.14,13.3,"59,230"
New Zealand,University of Auckland,192,0.29,18.8,"30,348"
United States,Northeastern University,193,0.32,14.0,"18,780"
Russian Federation,Lomonosov Moscow State University,194,0.22,7.3,"29,236"
Netherlands,Tilburg University,195,0.13,22.5,"7,738"
France,Paris-Sorbonne University – Paris 4,196,0.15,30.2,"22,042"
United Kingdom,"Royal Holloway, University of London",197,0.4,15.4,"8,931"
United States,"University of California, Riverside",198,0.14,20.7,"20,740"
Sweden,University of Gothenburg,198,0.13,10.0,"18,378"
Taiwan,National Taiwan University,198,0.08,11.5,"31,758"
